https://www.youtube.com/watch?v=MJdz3i44dIc,1
https://www.youtube.com/watch?v=Q3E7L_RoyTU,5
https://www.youtube.com/watch?v=UZnIHM2dQvA,8
https://www.youtube.com/watch?v=zc6Oq1Wnkzo,10
https://www.youtube.com/watch?v=oG7jKUHsLfY,9
https://www.youtube.com/watch?v=n8-wN0lc5qk,7
https://www.youtube.com/watch?v=_XRK5nGXChA,4
https://www.youtube.com/watch?v=QyIpijrLlcM,10
https://www.youtube.com/watch?v=vl7TorprEdE,10
https://www.youtube.com/watch?v=SRsHfyRq-S0,5
https://www.youtube.com/watch?v=PbGddpIfXeQ,7
https://www.youtube.com/watch?v=_7Awj_SMsYE,10
https://www.youtube.com/watch?v=tDgUg7BrWVY,6
https://www.youtube.com/watch?v=ZqV2h2Nb3To,6
https://www.youtube.com/watch?v=cPCLFtxpadE,7
https://www.youtube.com/watch?v=y6120QOlsfU,8
https://www.youtube.com/watch?v=dNjpX0FmjSk,8
https://www.youtube.com/watch?v=-GoZOCNSIYw,5
https://www.youtube.com/watch?v=iix0fCbyfZs,10
https://www.youtube.com/watch?v=eWSU8YOa3jU,7
https://www.youtube.com/watch?v=Ur0K2WA67jw,6
https://www.youtube.com/watch?v=XzWcameJDow,10
https://www.youtube.com/watch?v=VK_mZFdo-hY,6
https://www.youtube.com/watch?v=iM8d0SzJTIU,6
https://www.youtube.com/watch?v=kQyRAnf15_4,8
https://www.youtube.com/watch?v=VT6LFOIofRE,7
https://www.youtube.com/watch?v=EOwem8hBX38,7
https://www.youtube.com/watch?v=SYnVYJDxu2Q,7
https://www.youtube.com/watch?v=1a232XZCjWo,7
https://www.youtube.com/watch?v=pQsg9mvmZoE,10
https://www.youtube.com/watch?v=pJSmc19NSgI,7
https://www.youtube.com/watch?v=XNOX0vXQ-U8,10
https://www.youtube.com/watch?v=KFd3ULAZxtY,8
https://www.youtube.com/watch?v=80Jr7d-ALSA,6
https://www.youtube.com/watch?v=RqTZO07EuDQ,5
https://www.youtube.com/watch?v=UTis1nN4ySw,10
https://www.youtube.com/watch?v=wDgQdr8ZkTw,7
https://www.youtube.com/watch?v=QYmxDhh8QWY,8
https://www.youtube.com/watch?v=UDskSD_F9KA,6
https://www.youtube.com/watch?v=YdpwSiQDuRs,7
https://www.youtube.com/watch?v=3T3ofoKfEoY,5
https://www.youtube.com/watch?v=g3jCAyPai2Y,7
https://www.youtube.com/watch?v=lOxNwqyPPc8,10
https://www.youtube.com/watch?v=OP9trEK4Dt4,10
https://www.youtube.com/watch?v=x0EyqJGlAyw,8
https://www.youtube.com/watch?v=qJEDrk-CjHU,6
https://www.youtube.com/watch?v=a6STV5cemdg,10
https://www.youtube.com/watch?v=Qw-FSw7d2zE,7
https://www.youtube.com/watch?v=dQhnQo_V9S8,7
https://www.youtube.com/watch?v=pH8pPrx99eQ,6
https://www.youtube.com/watch?v=zLak0dxBKpM,6
https://www.youtube.com/watch?v=r1NlF6iBJMk,7
https://www.youtube.com/watch?v=ZnRGM_BGq-o,6
https://www.youtube.com/watch?v=vYUWNHCv6DU,10
https://www.youtube.com/watch?v=nnzDSCDecUo,10
https://www.youtube.com/watch?v=XH2xgSBcA5w,6
https://www.youtube.com/watch?v=F5OJPUXJvHk,5
https://www.youtube.com/watch?v=L-MVk5I6wjo,4
https://www.youtube.com/watch?v=MyQn2ic2Wzw,10
https://www.youtube.com/watch?v=p52-QBTXZyM,8
https://www.youtube.com/watch?v=P-LdR0WL5Zo,6
https://www.youtube.com/watch?v=PgHaG-4Op20,6
https://www.youtube.com/watch?v=34LET9Pm_2A,10
https://www.youtube.com/watch?v=9s_HrcAjRj8,6
https://www.youtube.com/watch?v=HguKyrS8oWM,5
https://www.youtube.com/watch?v=z4h-Rugwv-Q,5
https://www.youtube.com/watch?v=xohkS4ESI3g,8
https://www.youtube.com/watch?v=TkroHwQYpFE,5
https://www.youtube.com/watch?v=Vh0WO48ekv8,10
https://www.youtube.com/watch?v=Z0NlmumRuVE,7
https://www.youtube.com/watch?v=QEDlMy-_pRw,6
https://www.youtube.com/watch?v=SBQprWeOx8g,8
https://www.youtube.com/watch?v=w5P1IzjagzI,10
https://www.youtube.com/watch?v=APWRd0Ab2xw,7
https://www.youtube.com/watch?v=2nWv2Hz_GXs,8
https://www.youtube.com/watch?v=z-gqnpmgU3g,7
https://www.youtube.com/watch?v=9lVPAWLWtWc,5
https://www.youtube.com/watch?v=4w3xObcne8s,6
https://www.youtube.com/watch?v=5nSThlXtc4k,6
https://www.youtube.com/watch?v=SuHZ9d86YU0,6
https://www.youtube.com/watch?v=N4RdxyduGlM,9
https://www.youtube.com/watch?v=xA5uk7dSwJs,10
https://www.youtube.com/watch?v=Wlnkp35cM9Q,6
https://www.youtube.com/watch?v=Isysqu2kXrQ,7
https://www.youtube.com/watch?v=_scEj0hj8Zg,10
https://www.youtube.com/watch?v=dfdGd31gNjI,10
https://www.youtube.com/watch?v=v0Fi5sEzfNo,10
https://www.youtube.com/watch?v=u1-dL9ZkUzw,7
https://www.youtube.com/watch?v=iyCRK5WfFOI,6
https://www.youtube.com/watch?v=RRhv8t1iU-c,10
https://www.youtube.com/watch?v=dAmFsd7j8cI,10
https://www.youtube.com/watch?v=zdFPVzFgl68,8
https://www.youtube.com/watch?v=JdxrXYTbm5M,6
https://www.youtube.com/watch?v=x2Icz8xF174,10
https://www.youtube.com/watch?v=vS_a8Edde8k,7
https://www.youtube.com/watch?v=Wvf5VbID2U0,7
https://www.youtube.com/watch?v=OGild1N0RCU,10
https://www.youtube.com/watch?v=abW-ACtYv-Q,7
https://www.youtube.com/watch?v=4SiiRx7GDzI,8
https://www.youtube.com/watch?v=3WiYt7gAySw,10
https://www.youtube.com/watch?v=kW3P7cxLc0M,7
https://www.youtube.com/watch?v=NLtz2J8UUHs,6
https://www.youtube.com/watch?v=2dbR2JZmlWo,7
https://www.youtube.com/watch?v=xA32ofgzBho,7
https://www.youtube.com/watch?v=QX-CcKFGph8,8
https://www.youtube.com/watch?v=ETfiUYij5UE,8
https://www.youtube.com/watch?v=T0nnhbQK0kY,7
https://www.youtube.com/watch?v=pRVIrJU2HJU,7
https://www.youtube.com/watch?v=VWzboTK1yd0,10
https://www.youtube.com/watch?v=ghS9U71q1PM,7
https://www.youtube.com/watch?v=_vGQpHhIuas,8
https://www.youtube.com/watch?v=gopmFUePN4U,8
https://www.youtube.com/watch?v=5VRyiaszGtA,8
https://www.youtube.com/watch?v=VMycOhwjhQg,7
https://www.youtube.com/watch?v=Eht9W25tDZo,7
https://www.youtube.com/watch?v=0NWUr7uKKRM,10
https://www.youtube.com/watch?v=pvJDT_vH8wo,10
https://www.youtube.com/watch?v=MMY_SUuobww,10
https://www.youtube.com/watch?v=KouVPiIRFls,5
https://www.youtube.com/watch?v=X3qj_skcl3E,5
https://www.youtube.com/watch?v=QoUtg3ZnWC0,10
https://www.youtube.com/watch?v=1qZVyidKvs4,10
https://www.youtube.com/watch?v=cn_EsOLe5NY,6
https://www.youtube.com/watch?v=v2H4l9RpkwM,10
https://www.youtube.com/watch?v=ugxyhHOzZz8,10
https://www.youtube.com/watch?v=C4nCy5CITc8,8
https://www.youtube.com/watch?v=iIJpBAnQdAo,10
https://www.youtube.com/watch?v=zYu4bPwq82I,10
https://www.youtube.com/watch?v=_NJuP4RB3OE,7
https://www.youtube.com/watch?v=ixMHG0DIAK4,10
https://www.youtube.com/watch?v=xcmfGKh7aY0,10
https://www.youtube.com/watch?v=PeUfo_sVpsU,10
https://www.youtube.com/watch?v=q8Qftb2O--Y,10
https://www.youtube.com/watch?v=vsqjtVQGRO8,10
https://www.youtube.com/watch?v=YqcHvgXqXXM,10
https://www.youtube.com/watch?v=pNucXLU9EbY,8
https://www.youtube.com/watch?v=t8tnaZw-uTE,8
https://www.youtube.com/watch?v=WyKAcFXFz3s,5
https://www.youtube.com/watch?v=St03vf9r9sg,9
https://www.youtube.com/watch?v=IernJ-2gZ_U,6
https://www.youtube.com/watch?v=gnVag2Nwaug,10
https://www.youtube.com/watch?v=_87mpz7-5a8,6
https://www.youtube.com/watch?v=766qmHTc2ro,6
https://www.youtube.com/watch?v=-_xpK41qLQk,10
https://www.youtube.com/watch?v=czFmwwbM27U,7
https://www.youtube.com/watch?v=dldJv9yZEp8,7
https://www.youtube.com/watch?v=RsrPuZJhxxo,7
https://www.youtube.com/watch?v=6-7NDP8V-6A,10
https://www.youtube.com/watch?v=KJvvd8_aGIs,10
https://www.youtube.com/watch?v=VyXza9sqmcE,5
https://www.youtube.com/watch?v=yDom82BQEL4,10
https://www.youtube.com/watch?v=laGChAJmkR8,7
https://www.youtube.com/watch?v=yExFsoZRA8k,7
https://www.youtube.com/watch?v=lTtq1AVgMN0,10
https://www.youtube.com/watch?v=unWiMkSwZig,10
https://www.youtube.com/watch?v=1st0XSY0VKQ,6
https://www.youtube.com/watch?v=-eTp1DGIXcs,7
https://www.youtube.com/watch?v=HLetFEpgPgY,7
https://www.youtube.com/watch?v=FD30Ujs21Qc,8
https://www.youtube.com/watch?v=BkEPBiMbgxs,7
https://www.youtube.com/watch?v=2D0B3wTjE20,6
https://www.youtube.com/watch?v=0JGnGSQk6FA,8
https://www.youtube.com/watch?v=RQmEERvqq70,8
https://www.youtube.com/watch?v=DfEnIFV2-mc,9
https://www.youtube.com/watch?v=UHoOkZ7zWu4,6
https://www.youtube.com/watch?v=Q-DXtTDYfg8,10
https://www.youtube.com/watch?v=hfmxO-HQ5rU,8
https://www.youtube.com/watch?v=iPPOlRbhTKk,10
https://www.youtube.com/watch?v=XRKAKX2etDE,10
https://www.youtube.com/watch?v=RnCE50_bRjY,6
https://www.youtube.com/watch?v=PREJMG4u2j8,7
https://www.youtube.com/watch?v=WHcFDJCjY3s,6
https://www.youtube.com/watch?v=FUH9S44D1BM,6
https://www.youtube.com/watch?v=G0lYBgfaCu8,7
https://www.youtube.com/watch?v=TqnSRmBz4uM,6
https://www.youtube.com/watch?v=i7PNSbTa5rg,6
https://www.youtube.com/watch?v=I8nSQ7WXd7g,6
https://www.youtube.com/watch?v=NKRnXzLt1TM,8
https://www.youtube.com/watch?v=4CTSf1QRk9w,10
https://www.youtube.com/watch?v=YZ9WfnvcX5Y,10
https://www.youtube.com/watch?v=SbJZAt7G4yE,10
https://www.youtube.com/watch?v=Dc0gsKXC8XA,6
https://www.youtube.com/watch?v=UtdPKwtoRkA,7
https://www.youtube.com/watch?v=dlFA0Zq1k2A,5
https://www.youtube.com/watch?v=6IWNQ88UoLY,7
https://www.youtube.com/watch?v=nDgSxbLG1As,7
https://www.youtube.com/watch?v=K7FqZJS-ZwA,7
https://www.youtube.com/watch?v=W1Vm7-PXttk,10
https://www.youtube.com/watch?v=n3kPvBCYT3E,7
https://www.youtube.com/watch?v=0LdDaK1QOoY,7
https://www.youtube.com/watch?v=Bht5jl2c400,5
https://www.youtube.com/watch?v=DJfg39WkMvE,5
https://www.youtube.com/watch?v=vu1oz7v8XYQ,6
https://www.youtube.com/watch?v=HMnOyceOpjI,7
https://www.youtube.com/watch?v=_dXHecuH_wE,10
https://www.youtube.com/watch?v=PnNYO_4Tn1o,10
https://www.youtube.com/watch?v=YRbNlbgqNLo,7
https://www.youtube.com/watch?v=h-mUGj41hWA,5
https://www.youtube.com/watch?v=-mTObJvHDek,10
https://www.youtube.com/watch?v=Zd9M68FvLU0,10
https://www.youtube.com/watch?v=kJZC_UTPxcw,10
https://www.youtube.com/watch?v=K4apTqsfNbk,7
https://www.youtube.com/watch?v=PA63CIfy2TY,8
https://www.youtube.com/watch?v=EXRYhDezpRw,10
https://www.youtube.com/watch?v=nntQGsspeiw,10
https://www.youtube.com/watch?v=ORyr7z04nb0,10
https://www.youtube.com/watch?v=2Dw2clpn4qs,10
https://www.youtube.com/watch?v=ntuZWHd-l_Y,7
https://www.youtube.com/watch?v=__OSyznVDOY,7
https://www.youtube.com/watch?v=U1rdAiKUJ6k,7
https://www.youtube.com/watch?v=MSX8QbJR0eQ,6
https://www.youtube.com/watch?v=euPcDSMCmuM,7
https://www.youtube.com/watch?v=6g-dHCTW_78,10
https://www.youtube.com/watch?v=RpSuqm3IdTc,7
https://www.youtube.com/watch?v=KQbHEM0TIYs,10
https://www.youtube.com/watch?v=fWuieH6CPhA,8
https://www.youtube.com/watch?v=kj7Iu7RxvhY,7
https://www.youtube.com/watch?v=fuKDBPw8wQA,9
https://www.youtube.com/watch?v=JLatBu--pHM,7
https://www.youtube.com/watch?v=nQWvBdl-ks8,7
https://www.youtube.com/watch?v=c-9fp1QhJGs,10
https://www.youtube.com/watch?v=mmDdOJDhzHs,8
https://www.youtube.com/watch?v=RBItw6JKh1k,10
https://www.youtube.com/watch?v=3UV8OZj2olg,10
https://www.youtube.com/watch?v=cA2J952YgVA,6
https://www.youtube.com/watch?v=jF7mTsLbQtQ,10
https://www.youtube.com/watch?v=9sauhpuSZ18,10
https://www.youtube.com/watch?v=g9Nk_TPIB-w,8
https://www.youtube.com/watch?v=vJB8NCxcWe8,10
https://www.youtube.com/watch?v=L_4aKuxtia0,10
https://www.youtube.com/watch?v=1xL6uhe_cXI,10
https://www.youtube.com/watch?v=uGdCYeM6vmQ,7
https://www.youtube.com/watch?v=9ZUjaX4KM-g,10
https://www.youtube.com/watch?v=gJ7oAkuendk,7
https://www.youtube.com/watch?v=uhlfcFzsLGU,6
https://www.youtube.com/watch?v=3nHCDbmnXyI,10
https://www.youtube.com/watch?v=CJiG15euUes,7
https://www.youtube.com/watch?v=IZapgYPN82U,10
https://www.youtube.com/watch?v=_WI7vU0gq3k,10
https://www.youtube.com/watch?v=qGk4E9ss95s,9
https://www.youtube.com/watch?v=5ukhOiRMnYc,10
https://www.youtube.com/watch?v=-15VC4Yxzys,10
https://www.youtube.com/watch?v=5X9RUOEOoNQ,10
https://www.youtube.com/watch?v=mZvLRWtCnkI,10
https://www.youtube.com/watch?v=oDRYSCDqGZA,10
https://www.youtube.com/watch?v=WRFPsFu4P-s,10
https://www.youtube.com/watch?v=EjPzvvLT04U,10
https://www.youtube.com/watch?v=KIyk-bwM3ak,10
https://www.youtube.com/watch?v=4IGPdrTzY8w,10
https://www.youtube.com/watch?v=ceKkCXkjfMU,6
https://www.youtube.com/watch?v=_WaiCiwUqQI,10
https://www.youtube.com/watch?v=zTk3zqZdtvE,10
https://www.youtube.com/watch?v=ony539T074w,5
https://www.youtube.com/watch?v=MturuvnQWt8,10
https://www.youtube.com/watch?v=95AXW8AnkCo,10
https://www.youtube.com/watch?v=buoYwfZG4vQ,6
https://www.youtube.com/watch?v=0OtNQEpSeIA,6
https://www.youtube.com/watch?v=xaqCPARmBjA,10
https://www.youtube.com/watch?v=hkL4hW4eniI,6
https://www.youtube.com/watch?v=UKJVV8kUXec,7
https://www.youtube.com/watch?v=yaAG8e2h0-k,5
https://www.youtube.com/watch?v=6Ug3XjiHdjU,7
https://www.youtube.com/watch?v=yPZQiu2DNFE,6
https://www.youtube.com/watch?v=KHhe8begOQk,6
https://www.youtube.com/watch?v=O7DKt70FZH0,10
https://www.youtube.com/watch?v=tyneiz9FRMw,5
https://www.youtube.com/watch?v=6M4_Ommfvv0,6
https://www.youtube.com/watch?v=ENXvZ9YRjbo,7
https://www.youtube.com/watch?v=U2ehMXIKlhc,6
https://www.youtube.com/watch?v=RKyAa67eUNY,10
https://www.youtube.com/watch?v=rew1KoR-OzQ,10
https://www.youtube.com/watch?v=BZAkzCw17GM,7
https://www.youtube.com/watch?v=72nhcNvcqrE,10
https://www.youtube.com/watch?v=RuNf2kTqH_4,10
https://www.youtube.com/watch?v=8m-kGXq1e4A,10
https://www.youtube.com/watch?v=dCYCZK0d-ck,10
https://www.youtube.com/watch?v=ilA_j82jmUw,7
https://www.youtube.com/watch?v=RqQzPrq_Xdg,6
https://www.youtube.com/watch?v=lXQPqGDvlJ0,10
https://www.youtube.com/watch?v=WD2v-rBe1Js,10
https://www.youtube.com/watch?v=sJeuWZNWImE,10
https://www.youtube.com/watch?v=wNHGT-neTes,8
https://www.youtube.com/watch?v=VUzoJrfJQBw,10
https://www.youtube.com/watch?v=USoPV_a4q1o,7
https://www.youtube.com/watch?v=LP8GRjv6AIo,7
https://www.youtube.com/watch?v=PUJLPw4tnoE,10
https://www.youtube.com/watch?v=V0ewh3eSzn4,6
https://www.youtube.com/watch?v=8-r-V0uK4u0,7
https://www.youtube.com/watch?v=P9-SUS1j1vE,8
https://www.youtube.com/watch?v=CvtJVku_mJw,8
https://www.youtube.com/watch?v=C6uqTWHzHvo,6
https://www.youtube.com/watch?v=X5DTV_rdiiU,6
https://www.youtube.com/watch?v=NLIsicFxGAQ,7
https://www.youtube.com/watch?v=JubhXZ6OhJg,6
https://www.youtube.com/watch?v=bVNRYQ10IXk,6
https://www.youtube.com/watch?v=RQgTPGR0K9E,1
https://www.youtube.com/watch?v=jTkBmoEQXFw,10
https://www.youtube.com/watch?v=qFUTyuoANUo,10
https://www.youtube.com/watch?v=kun6adJnejI,7
https://www.youtube.com/watch?v=i1P-9IspBus,6
https://www.youtube.com/watch?v=qgeuRSawFaw,6
https://www.youtube.com/watch?v=3k1ba4mfSH0,8
https://www.youtube.com/watch?v=8zC2p5OlnEI,6
https://www.youtube.com/watch?v=NYmJ15b8FmI,6
https://www.youtube.com/watch?v=5lC0iEnUTBc,10
https://www.youtube.com/watch?v=QkF3oxziUI4,10
https://www.youtube.com/watch?v=Y1So82y91Yw,10
https://www.youtube.com/watch?v=oRnqiWL2gG8,10
https://www.youtube.com/watch?v=YSKk-9VPNsY,6
https://www.youtube.com/watch?v=hPVx7IazcEw,6
https://www.youtube.com/watch?v=-9xhay8fE_k,10
https://www.youtube.com/watch?v=5eU01aFoBT4,10
https://www.youtube.com/watch?v=zUdNFmLhmeY,10
https://www.youtube.com/watch?v=Aoy-y5mKIGo,10
https://www.youtube.com/watch?v=OpFEen3JAsY,10
https://www.youtube.com/watch?v=7AzHS4mBZ3A,10
https://www.youtube.com/watch?v=QdoUQfi2Kqw,10
https://www.youtube.com/watch?v=FjyoUhiNxTw,10
https://www.youtube.com/watch?v=NEgwxGWgiIg,10
https://www.youtube.com/watch?v=l1JEmnTjdyA,9
https://www.youtube.com/watch?v=c42OPdlxpxw,10
https://www.youtube.com/watch?v=Vx0bqF7ZZk4,10
https://www.youtube.com/watch?v=Q1n2sm0cNk8,10
https://www.youtube.com/watch?v=qAd259QwSJs,6
https://www.youtube.com/watch?v=-yR1IBtixHY,10
https://www.youtube.com/watch?v=5eBczkoVY1w,7
https://www.youtube.com/watch?v=pLk4WMJisqU,5
https://www.youtube.com/watch?v=ArY-z8uY-Dg,10
https://www.youtube.com/watch?v=hc0ZDaAZQT0,6
https://www.youtube.com/watch?v=snkF6k2h91I,6
https://www.youtube.com/watch?v=msOwXOAO9hE,10
https://www.youtube.com/watch?v=C1wSv40Sris,10
https://www.youtube.com/watch?v=HUlcRkdAuEQ,8
https://www.youtube.com/watch?v=TDfm5KuS7fA,10
https://www.youtube.com/watch?v=dwq54Ly-CSA,10
https://www.youtube.com/watch?v=gnnF90owzrw,10
https://www.youtube.com/watch?v=Jm932Sqwf5E,6
https://www.youtube.com/watch?v=iIowwZThIXM,7
https://www.youtube.com/watch?v=zdJHM6R7T5s,10
https://www.youtube.com/watch?v=Pn-6eOxnEMI,6
https://www.youtube.com/watch?v=4X-eZH87BTw,7
https://www.youtube.com/watch?v=ur3KtkN4o0k,6
https://www.youtube.com/watch?v=02vDkMEdIkY,10
https://www.youtube.com/watch?v=lm0cTOQpOf8,5
https://www.youtube.com/watch?v=s7Ryrdk47MQ,8
https://www.youtube.com/watch?v=RvGJlDkRqHs,10
https://www.youtube.com/watch?v=TvgsGBzuurU,10
https://www.youtube.com/watch?v=Db1fj2pRFu8,10
https://www.youtube.com/watch?v=--886_VecLs,10
https://www.youtube.com/watch?v=r3mqLjAdFc0,8
https://www.youtube.com/watch?v=Tn1s6CKfjB4,8
https://www.youtube.com/watch?v=UnWPy1_DH_8,6
https://www.youtube.com/watch?v=5y3xh8gs24c,6
https://www.youtube.com/watch?v=YK9nbODTxJE,6
https://www.youtube.com/watch?v=dWNvlyycWzQ,6
https://www.youtube.com/watch?v=Shnu2fBE8dY,10
https://www.youtube.com/watch?v=yQkX8PQJ-tk,8
https://www.youtube.com/watch?v=uADsjmQxZiU,10
https://www.youtube.com/watch?v=w2y715XAmso,6
https://www.youtube.com/watch?v=wFET6M2uR58,8
https://www.youtube.com/watch?v=zaCjr6MyOU0,6
https://www.youtube.com/watch?v=MO9O3y965Zw,10
https://www.youtube.com/watch?v=0Itb0HHZaH4,7
https://www.youtube.com/watch?v=ahQr-bIhJoU,10
https://www.youtube.com/watch?v=YnP78ncRFC8,7
https://www.youtube.com/watch?v=gYuO6OUm6SQ,6
https://www.youtube.com/watch?v=qjqqcI81PnA,10
https://www.youtube.com/watch?v=CXcEbr1ixEc,6
https://www.youtube.com/watch?v=2MRdtXWcgIw,10
https://www.youtube.com/watch?v=QM7T7UQHs24,6
https://www.youtube.com/watch?v=3y5-Fl2ExIA,6
https://www.youtube.com/watch?v=4kMZ23T9VHE,6
https://www.youtube.com/watch?v=8UjWwMtrETk,7
https://www.youtube.com/watch?v=uMJ0osZsfZM,10
https://www.youtube.com/watch?v=ZJYvzmoDKaQ,10
https://www.youtube.com/watch?v=grd-K33tOSM,10
https://www.youtube.com/watch?v=BB2WTMpXjS4,10
https://www.youtube.com/watch?v=k3RbXxG63IA,6
https://www.youtube.com/watch?v=piK7clreSm4,6
https://www.youtube.com/watch?v=27mB8verLK8,6
https://www.youtube.com/watch?v=f55CqLc6IR0,7
https://www.youtube.com/watch?v=-r8jlHDBMsw,6
https://www.youtube.com/watch?v=th4Czv1j3F8,6
https://www.youtube.com/watch?v=gMR4uWcSU00,6
https://www.youtube.com/watch?v=Ani_6IRV20A,8
https://www.youtube.com/watch?v=r54Xjj-nJt8,10
https://www.youtube.com/watch?v=ytf7CDoerUA,10
https://www.youtube.com/watch?v=XfAKgOOdNs0,10
https://www.youtube.com/watch?v=_BsN3asfS60,7
https://www.youtube.com/watch?v=OTAIaFhsLb0,10
https://www.youtube.com/watch?v=0mRijpbVtVA,10
https://www.youtube.com/watch?v=uaRnwnmqrws,7
https://www.youtube.com/watch?v=vd3IlOjSUGQ,7
https://www.youtube.com/watch?v=cbxwnc1jgL4,10
https://www.youtube.com/watch?v=I4HmlBRWRjQ,10
https://www.youtube.com/watch?v=ZSznpyG9CHY,5
https://www.youtube.com/watch?v=LatorN4P9aA,10
https://www.youtube.com/watch?v=5Cg59GjC7_4,10
https://www.youtube.com/watch?v=fzQ6gRAEoy0,6
https://www.youtube.com/watch?v=9Opcl-eDjco,6
https://www.youtube.com/watch?v=9Y8ZGLiqXB8,7
https://www.youtube.com/watch?v=KhrPiFZ4Sm8,7
https://www.youtube.com/watch?v=WVkD4lgXTEU,10
https://www.youtube.com/watch?v=TXg-ocFHFV8,10
https://www.youtube.com/watch?v=ckD0MFHMNuQ,10
https://www.youtube.com/watch?v=ldgeOkJ1xHE,10
https://www.youtube.com/watch?v=FveF-we6lcE,10
https://www.youtube.com/watch?v=ygY2qObZv24,6
https://www.youtube.com/watch?v=fglNUeM8Kn4,10
https://www.youtube.com/watch?v=RViPh0gDpOA,10
https://www.youtube.com/watch?v=TGuk26sggho,10
https://www.youtube.com/watch?v=M_24AlRm1cs,4
https://www.youtube.com/watch?v=RTggoptzEuk,8
https://www.youtube.com/watch?v=DGun2cWbPEM,6
https://www.youtube.com/watch?v=NvOHijJqups,10
https://www.youtube.com/watch?v=j4dpZx-CbKQ,6
https://www.youtube.com/watch?v=CD5VrqIo4n4,10
https://www.youtube.com/watch?v=GrGSlKhN37I,7
https://www.youtube.com/watch?v=VQlsoXHaMQM,7
https://www.youtube.com/watch?v=I53HDr0-Qew,7
https://www.youtube.com/watch?v=w0rcdV9Fz64,6
https://www.youtube.com/watch?v=VpEF9q7aNBc,5
https://www.youtube.com/watch?v=_gI_qdo9wiU,5
https://www.youtube.com/watch?v=ephlHGVHnOo,10
https://www.youtube.com/watch?v=edlLhh8qVxM,6
https://www.youtube.com/watch?v=tADkFuime_g,10
https://www.youtube.com/watch?v=RXS_7BcH4xo,10
https://www.youtube.com/watch?v=oDUHt8zeZS4,10
https://www.youtube.com/watch?v=ojcA9AhX5BY,10
https://www.youtube.com/watch?v=FH39Mivi5MY,10
https://www.youtube.com/watch?v=3ZWVeAOrhYQ,10
https://www.youtube.com/watch?v=Kzr_xuqqh-M,6
https://www.youtube.com/watch?v=tqzULDUQaHM,10
https://www.youtube.com/watch?v=2BX3mVOwViA,10
https://www.youtube.com/watch?v=Y8WmIU7K_2k,10
https://www.youtube.com/watch?v=wko_s7LyCtM,10
https://www.youtube.com/watch?v=pCYEyt-MXNY,10
https://www.youtube.com/watch?v=zaQ7ANg97dc,10
https://www.youtube.com/watch?v=Kmi5yGATW8Y,10
https://www.youtube.com/watch?v=VxeUab5kWjg,6
https://www.youtube.com/watch?v=rkxqt9SVO4E,7
https://www.youtube.com/watch?v=yI1zsK9T-WM,10
https://www.youtube.com/watch?v=gKHf69QiGrc,6
https://www.youtube.com/watch?v=_r13BgWmm_g,10
https://www.youtube.com/watch?v=JIyKULhAWf0,7
https://www.youtube.com/watch?v=wsgS6WzAfO8,8
https://www.youtube.com/watch?v=lPGipwoJiOM,7
https://www.youtube.com/watch?v=nOLqvFOqXtw,7
https://www.youtube.com/watch?v=25msgVCuHWE,10
https://www.youtube.com/watch?v=2ys9IS5r9yA,6
https://www.youtube.com/watch?v=29IVHo6MoY8,10
https://www.youtube.com/watch?v=H0TtiZGkK5w,10
https://www.youtube.com/watch?v=ak16XxnJK0g,10
https://www.youtube.com/watch?v=o14s6S0k5qw,7
https://www.youtube.com/watch?v=bi-K8RWnDqQ,10
https://www.youtube.com/watch?v=mxGaGIZx97w,10
https://www.youtube.com/watch?v=-AuQZrUHjhg,6
https://www.youtube.com/watch?v=5sNuDu4dE8Y,7
https://www.youtube.com/watch?v=EZzh0ZjgNyk,10
https://www.youtube.com/watch?v=YTtJhniVaYA,6
https://www.youtube.com/watch?v=MPiEAI5RTKM,10
https://www.youtube.com/watch?v=jnKB6SJDJls,10
https://www.youtube.com/watch?v=N85YNZVVgZc,9
https://www.youtube.com/watch?v=I-O9yMcUAqE,6
https://www.youtube.com/watch?v=20ISWLs51e8,7
https://www.youtube.com/watch?v=mcUbQjynZJ4,10
https://www.youtube.com/watch?v=_FnxVvoZwmU,10
https://www.youtube.com/watch?v=Z1MGz7c3Yv0,10
https://www.youtube.com/watch?v=wYxMFG30qqI,10
https://www.youtube.com/watch?v=njLEO8EyS00,10
https://www.youtube.com/watch?v=jfiPCXSwfg0,10
https://www.youtube.com/watch?v=UlMYv302_Ik,7
https://www.youtube.com/watch?v=VYu3PvRPZR8,7
https://www.youtube.com/watch?v=BSWoIUfSCkg,10
https://www.youtube.com/watch?v=EoMkx-FWJvM,10
https://www.youtube.com/watch?v=yGTnSoGVlVs,10
https://www.youtube.com/watch?v=3ucIdYj42sM,7
https://www.youtube.com/watch?v=yDenw2QAdPM,10
https://www.youtube.com/watch?v=ERlBHyOjeLI,6
https://www.youtube.com/watch?v=7ftp_JR0KEc,10
https://www.youtube.com/watch?v=mjjkHg5FOhk,6
https://www.youtube.com/watch?v=cvCFRGn7EEQ,8
https://www.youtube.com/watch?v=uWSZ8yAi-SI,10
https://www.youtube.com/watch?v=ve0d_qDgPLc,10
https://www.youtube.com/watch?v=KJTw5xXxyKk,10
https://www.youtube.com/watch?v=_EgNN57TsAI,10
https://www.youtube.com/watch?v=TxHTWKj8Hbc,10
https://www.youtube.com/watch?v=Nt8OuniUebQ,10
https://www.youtube.com/watch?v=JqN4_mufE2U,6
https://www.youtube.com/watch?v=2M5Qtv8v4-Q,10
https://www.youtube.com/watch?v=5MdU-0GGdfY,6
https://www.youtube.com/watch?v=rNoKEEfwLcE,10
https://www.youtube.com/watch?v=ZBhVFy__nxQ,10
https://www.youtube.com/watch?v=bkdf0rwzy3U,10
https://www.youtube.com/watch?v=6TFsZiODx5A,10
https://www.youtube.com/watch?v=bHcn19E58N4,10
https://www.youtube.com/watch?v=b7tEganBpn8,10
https://www.youtube.com/watch?v=0eQsvCfH2tg,10
https://www.youtube.com/watch?v=1gHPFmjj28A,10
https://www.youtube.com/watch?v=gbHF6Eq92Ow,7
https://www.youtube.com/watch?v=l6tJBAcoIEE,10
https://www.youtube.com/watch?v=woyxZ5C0_qw,10
https://www.youtube.com/watch?v=MbnU-Wy14u8,10
https://www.youtube.com/watch?v=y_u9Pdfhzwg,10
https://www.youtube.com/watch?v=vG9LN0b-IxU,10
https://www.youtube.com/watch?v=k1wZ-yP5uPM,10
https://www.youtube.com/watch?v=1lXXTb6VL-A,10
https://www.youtube.com/watch?v=H5To68iVK50,10
https://www.youtube.com/watch?v=srTqxL_6Ysg,10
https://www.youtube.com/watch?v=u6QzVNvbDLk,10
https://www.youtube.com/watch?v=sAXZbfLzJUg,10
https://www.youtube.com/watch?v=CzEbm7yup7g,10
https://www.youtube.com/watch?v=mLKvpMHfSNk,10
https://www.youtube.com/watch?v=4hSEZdezI44,6
https://www.youtube.com/watch?v=aPI7ZeOGckQ,5
https://www.youtube.com/watch?v=Vn25uTGgYho,10
https://www.youtube.com/watch?v=UIVEORIHpxI,10
https://www.youtube.com/watch?v=QlU76wEc33k,10
https://www.youtube.com/watch?v=sMc83Tuw1aU,10
https://www.youtube.com/watch?v=umkGZg2qOtI,7
https://www.youtube.com/watch?v=kH6-_rix-L4,10
https://www.youtube.com/watch?v=CKjaFG4YN6g,10
https://www.youtube.com/watch?v=rXee9CxYmTY,6
https://www.youtube.com/watch?v=doRRVXY45MQ,10
https://www.youtube.com/watch?v=QPXRMMEp3tI,10
https://www.youtube.com/watch?v=_nanclEnpn4,10
https://www.youtube.com/watch?v=b6mO_UlmoFg,7
https://www.youtube.com/watch?v=OOGR8hu-li4,7
https://www.youtube.com/watch?v=WGgEFoI9MhE,6
https://www.youtube.com/watch?v=pbrvUEMeGik,7
https://www.youtube.com/watch?v=Jrg9KxGNeJY,7
https://www.youtube.com/watch?v=igUCj-QmX80,10
https://www.youtube.com/watch?v=1MJ2g7Eb0QE,10
https://www.youtube.com/watch?v=g6lD_Wr_Tnc,10
https://www.youtube.com/watch?v=Tjoq6bhKyHg,7
https://www.youtube.com/watch?v=oGURDYckNEI,10
https://www.youtube.com/watch?v=FVdD_SZUv-w,6
https://www.youtube.com/watch?v=cTomFdHhhGs,10
https://www.youtube.com/watch?v=34O9aWGzmA4,10
https://www.youtube.com/watch?v=KZuBEfH-6qU,10
https://www.youtube.com/watch?v=7NjZiGKtlgw,10
https://www.youtube.com/watch?v=n9AkIEDVHoU,10
https://www.youtube.com/watch?v=mFih47l1pVI,7
https://www.youtube.com/watch?v=E0WEeR-xwRk,10
https://www.youtube.com/watch?v=ejw9pDVYvpM,6
https://www.youtube.com/watch?v=4hNK5zQqsRk,10
https://www.youtube.com/watch?v=1qsSvmcN-Wg,10
https://www.youtube.com/watch?v=9WoM2bHfr48,10
https://www.youtube.com/watch?v=QtTR-_Klcq8,6
https://www.youtube.com/watch?v=fCXo_glrETs,7
https://www.youtube.com/watch?v=K57XcDsUl6A,8
https://www.youtube.com/watch?v=sJllACqaMiU,6
https://www.youtube.com/watch?v=DcRLTClL5YU,8
https://www.youtube.com/watch?v=HPHJJY8GhMY,6
https://www.youtube.com/watch?v=BsAQWlVWb8w,6
https://www.youtube.com/watch?v=RkXmtQZnzzc,10
https://www.youtube.com/watch?v=Jr3Z9qtBk7k,10
https://www.youtube.com/watch?v=CLE_SFK3VLE,6
https://www.youtube.com/watch?v=f8KnunEWgt0,7
https://www.youtube.com/watch?v=aPE5UUCPHyY,6
https://www.youtube.com/watch?v=WkAAgYulaVY,10
https://www.youtube.com/watch?v=rMyRxErwv_U,10
https://www.youtube.com/watch?v=wjOj_6cMGEY,6
https://www.youtube.com/watch?v=qZjmSZlmRF0,6
https://www.youtube.com/watch?v=ztgi5vV0pCU,10
https://www.youtube.com/watch?v=KRfSCCfcu0Y,10
https://www.youtube.com/watch?v=Gl6-sFLTfX0,10
https://www.youtube.com/watch?v=x_xM7vqyqjo,10
https://www.youtube.com/watch?v=SaldEn1YYXE,10
https://www.youtube.com/watch?v=DqZkj5wIkdE,10
https://www.youtube.com/watch?v=SWaPNFSMSis,6
https://www.youtube.com/watch?v=fwfklpsvtDo,10
https://www.youtube.com/watch?v=rvrZJ5C_Nwg,7
https://www.youtube.com/watch?v=rV2Q_RPY6dw,10
https://www.youtube.com/watch?v=gGj_D6oI4e8,8
https://www.youtube.com/watch?v=Ug4t8xdBu5E,10
https://www.youtube.com/watch?v=5UPOQJDLDps,7
https://www.youtube.com/watch?v=IIXAki3sFbQ,6
https://www.youtube.com/watch?v=RrmWFjnAP2E,6
https://www.youtube.com/watch?v=4tyuIh12_HU,7
https://www.youtube.com/watch?v=UH9IRVHBZ7Y,10
https://www.youtube.com/watch?v=dypRMlONWog,10
https://www.youtube.com/watch?v=Ds14zhfHEvE,7
https://www.youtube.com/watch?v=Sn5MvU-NctM,6
https://www.youtube.com/watch?v=5ADVGDvS1A8,10
https://www.youtube.com/watch?v=zllIGUdYs2Q,10
https://www.youtube.com/watch?v=V3sognGMAn0,10
https://www.youtube.com/watch?v=npuuTBlEb1U,10
https://www.youtube.com/watch?v=nMSQ1yoPT2c,6